tmdb_id,title
83533,Avatar: Fire and Ash
1247002,The Old Woman with the Knife
1084242,Zootopia 2
425274,Now You See Me: Now You Don't
982843,The Great Flood
1512623,Risqué
1223601,Sisu: Road to Revenge
1228246,Five Nights at Freddy's 2
1439112,Muzzle: City of Wolves
1013446,Reflection in a Dead Diamond
1336189,Delivery Run
1491902,Bang
812583,Wake Up Dead Man: A Knives Out Mystery
1419406,The Shadow's Edge
1589891,A Time for Bravery
1196067,Worldbreaker
798645,The Running Man
755898,War of the Worlds
76600,Avatar: The Way of Water
1195518,The Unholy Trinity
533533,TRON: Ares
1180831,Troll 2
1242898,Predator: Badlands
1259102,Eternity
1103437,Please Don't Feed the Children
1311031,Demon Slayer: Kimetsu no Yaiba Infinity Castle
1218925,Chainsaw Man - The Movie: Reze Arc
1387382,Hunting Season
1438030,Slaughterhouse 2
772,Home Alone 2: Lost in New York
19995,Avatar
1468057,GATAO: Big Brothers
8871,How the Grinch Stole Christmas
7451,xXx
1214931,Nuremberg
1368166,The Housemaid
1083637,Kantara - A Legend: Chapter 1
1062722,Frankenstein
1054867,One Battle After Another
1033462,Bureau 749
1162858,The Other
1246049,Dracula
1149167,High Rollers
1422096,Good Boy
980477,Ne Zha 2
1291608,Dhurandhar
269149,Zootopia
1539104,JUJUTSU KAISEN: Execution -Shibuya Incident x The Culling Game Begins-
803796,KPop Demon Hunters
1234731,Anaconda
575265,Mission: Impossible - The Final Reckoning
1033148,Die My Love
1448560,Wildcat
346364,It
1266990,Kulong
10437,The Muppet Christmas Carol
1217602,London Calling
967941,Wicked: For Good
1061474,Superman
1415974,Raat Akeli Hai - The Bansal Murders
991494,The SpongeBob Movie: Search for SquarePants
701387,Bugonia
617126,The Fantastic 4: First Steps
24428,The Avengers
1420733,The Cursed: Insatiable Desires
1363123,The Family Plan 2
1317288,Marty Supreme
1119090,I Am Frankelda
1286185,The Carpenter's Son
1116465,A Legend
1230368,Springsteen: Deliver Me from Nowhere
1197137,Black Phone 2
360920,The Grinch
1234821,Jurassic World Rebirth
474350,It Chapter Two
23527,First Squad: The Moment of Truth
1288072,Keeper
911430,F1
845781,Red One
1379963,Tell Me Softly
157336,Interstellar
1327862,Regretting You
1309012,Altered
562,Die Hard
1134463,Dreams
1430593,Tinsel Town
1010581,My Fault
1403735,Laila
1370124,Sin cobertura
1469354,Border Hunters
1400032,10DANCE
1523145,Your Heart Will Be Broken
1087192,How to Train Your Dragon
1318691,Los Muértimer
1585,It's a Wonderful Life
152760,The Monuments Men
507089,Five Nights at Freddy's
5255,The Polar Express
1038392,The Conjuring: Last Rites
1003596,Avengers: Doomsday
27205,Inception
949709,High Forces
278,The Shawshank Redemption
755679,Fast X: Part 2
1233413,Sinners
1248226,Playdate
601,E.T. the Extra-Terrestrial
17979,A Christmas Carol
1022787,Elio
1130276,Succubus
1192174,The Negotiator
238,The Godfather
5825,National Lampoon's Christmas Vacation
1241742,EKS
49013,Cars 2
1196573,She Rides Shotgun
597,Titanic
840326,Sisu
1274751,Blue Sun Palace
1429520,Sidelined 2: Intercepted
1007734,Nobody 2
1166133,Bramayugam
81188,Rise of the Guardians
11881,Miracle on 34th Street
541671,Ballerina
14240,Maniac Cop
508,Love Actually
106,Predator
17435,El Norte
671,Harry Potter and the Philosopher's Stone
1197306,A Working Man
13466,October Sky
11,Star Wars
1265344,Swiped
122917,The Hobbit: The Battle of the Five Armies
552524,Lilo & Stitch
569094,Spider-Man: Across the Spider-Verse
1314129,Preparation for the Next Life
9279,Jingle All the Way
62201,Shahenshah
950387,A Minecraft Movie
1492108,Kandungan
10719,Elf
291805,Now You See Me 2
546554,Knives Out
533535,Deadpool & Wolverine
411,"The Chronicles of Narnia: The Lion, the Witch and the Wardrobe"
402431,Wicked
1368337,The Odyssey
10480,Nurse Betty
10274,The Deal
385687,Fast X
1422211,The Pursuit of Lust
1468417,First Moon
604079,The Long Walk
1511789,Captain Hook: The Cursed Tides
1561955,Stephen
1167307,David
1078605,Weapons
986056,Thunderbolts*
639988,No Other Choice
1507275,A Paw Patrol Christmas
9714,Home Alone 3
1456349,It Was Just an Accident
974663,200% Wolf
120,The Lord of the Rings: The Fellowship of the Ring
260514,Cars 3
1156594,Our Fault
1035259,The Naked Gun
1010756,The Strangers: Chapter 2
155,The Dark Knight
299536,Avengers: Infinity War
346698,Barbie
508138,Burn
527435,The Christmas Chronicles
27870,The Muppets Celebrate Jim Henson
482600,Japanese Mom
218,The Terminator
1241982,Moana 2
1119878,Ice Road: Vengeance
634649,Spider-Man: No Way Home
1435092,Goodbye June
508965,Klaus
574475,Final Destination Bloodlines
993708,The Threesome
793387,Holy Night: Demon Hunters
615453,Ne Zha
957119,Sidelined: The QB and Me
937941,Shelby Oaks
1208561,Art of Eight Limbs
519182,Despicable Me 4
939243,Sonic the Hedgehog 3
1128650,The Prosecutor
449459,The Vanishing
1367575,A Line of Fire
1241470,Osiris
1255775,Merv
550,Fight Club
203101,High School of the Dead: Drifters of the Dead
62211,Monsters University
1371185,Song Sung Blue
10874,Muppet Treasure Island
553708,Oh Sheep!
216527,Avatar 4
661374,Glass Onion: A Knives Out Mystery
1433719,High Ground
13,Forrest Gump
694,The Shining
693134,Dune: Part Two
1124566,Sentimental Value
1284120,The Ugly Stepsister
1242419,Roofman
808,Shrek
121,The Lord of the Rings: The Two Towers
1025527,Abyss
1257009,Primitive War
1175942,The Bad Guys 2
1042834,Eden
10669,Deliverance
1443940,Truth & Treason
448119,Dolittle
672,Harry Potter and the Chamber of Secrets
674,Harry Potter and the Goblet of Fire
1214140,Monster Island
106646,The Wolf of Wall Street
1621,Trading Places
1241983,Train Dreams
675,Harry Potter and the Order of the Phoenix
872585,Oppenheimer
1278983,Under the Stars
1252309,Ask Me What You Want
603,The Matrix
122,The Lord of the Rings: The Return of the King
1280450,Stolen Girl
1588846,Ekis
1022789,Inside Out 2
198663,The Maze Runner
1342341,Captain Sabertooth and the Countess of Grel
109445,Frozen
1296504,Stand Your Ground
496243,Parasite
9479,The Nightmare Before Christmas
822119,Captain America: Brave New World
15121,The Sound of Music
27860,Pterodactyl
1267905,The Roses
1441563,My Secret Santa
1581,The Holiday
1100988,28 Years Later
98,Gladiator
310133,Cop Car
75656,Now You See Me
12536,Home Alone 4
338969,The Toxic Avenger Unrated
1151031,Bring Her Back
786892,Furiosa: A Mad Max Saga
766507,Prey
109451,Cloudy with a Chance of Meatballs 2
912649,Venom: The Last Dance
159824,Hotel Transylvania 2
502356,The Super Mario Bros. Movie
762509,Mufasa: The Lion King
749170,Heads of State
1009640,Valiant One
936108,Smurfs
1261825,Oh. What. Fun.
438631,Dune
1726,Iron Man
950396,The Gorge
157350,Divergent
1287571,Agak Laen: Menyala Pantiku!
539972,Kraven the Hunter
680,Pulp Fiction
10138,Iron Man 2
76341,Mad Max: Fury Road
68718,Django Unchained
1591771,Zootopia 3
105,Back to the Future
673,Harry Potter and the Prisoner of Azkaban
549053,Last Christmas
361743,Top Gun: Maverick
1161617,Code 3
22,Pirates of the Caribbean: The Curse of the Black Pearl
1125257,Freakier Friday
10208,Muppets from Space
287903,Krampus
1184918,The Wild Robot
299534,Avengers: Endgame
129,Spirited Away
862,Toy Story
153104,Wicked Minds
11395,The Santa Clause
1011477,Karate Kid: Legends
767,Harry Potter and the Half-Blood Prince
1376434,Predator: Killer of Killers
646315,The Legendary Lighter
387824,Mom's Friend
9647,Scrooged
2493,The Princess Bride
823219,Flow
4348,Pride & Prejudice
850,A Christmas Story
49026,The Dark Knight Rises
870360,The Day the Earth Blew Up: A Looney Tunes Movie
1084199,Companion
216015,Fifty Shades of Grey
12444,Harry Potter and the Deathly Hallows: Part 1
372058,Your Name.
1071585,M3GAN 2.0
1106289,The Pickup
1156593,Your Fault
1244531,Beast of War
899112,Violent Night
17015,Persuasion
11324,Shutter Island
1135855,Kelas Bintang - Mangga Muda
1097870,Dear Santa
12445,Harry Potter and the Deathly Hallows: Part 2
1470086,Ligaw
18,The Fifth Element
1186350,Marco
36557,Casino Royale
1414064,Una artista en la familia
315635,Spider-Man: Homecoming
1305717,Hunting Grounds
137,Groundhog Day
502682,Book Club
728308,Bowling Balls
1241752,Rita
68721,Iron Man 3
348,Alien
1339149,Fury 12 Hours
497,The Green Mile
310097,Blur
272,Batman Begins
1215106,Ko Ga Loak Village
869,Planet of the Apes
603692,John Wick: Chapter 4
1127628,The Thing with Feathers
986097,HIM
507244,Afterburn
941109,Play Dirty
933260,The Substance
19959,Surrogates
640,Catch Me If You Can
829557,365 Days: This Day
1280282,Gabby's Dollhouse: The Movie
511082,Black Butler: Book of Murder
12,Finding Nemo
578,Jaws
1402977,Mami Fujimura: WET BOMB!
585,"Monsters, Inc."
1034541,Terrifier 3
9928,Robots
1220564,The Secret Agent
429617,Spider-Man: Far From Home
414906,The Batman
177572,Big Hero 6
13377,How the Grinch Stole Christmas!
38757,Tangled
632856,Spirited
1930,The Amazing Spider-Man
5375,Fred Claus
419680,Daddy's Home 2
9502,Kung Fu Panda
205596,The Imitation Game
99861,Avengers: Age of Ultron
1308821,First Taste
557,Spider-Man
564,The Mummy
13368,White Christmas
324857,Spider-Man: Into the Spider-Verse
1218762,Jingle Bell Heist
652,Troy
573435,Bad Boys: Ride or Die
8966,Twilight
840430,The Holdovers
696506,Mickey 17
354912,Coco
823464,Godzilla x Kong: The New Empire
1069905,Jay Kelly
228150,Fury
447273,Snow White
12155,Alice in Wonderland
1242011,Together
1011985,Kung Fu Panda 4
1302017,Uhaw
1522377,Two Worlds One Wish
8587,The Lion King
396535,Train to Busan
1382406,Striking Rescue
1481331,Nahual
807,Se7en
1294203,My Fault: London
1029575,The Family Plan
575264,Mission: Impossible - Dead Reckoning Part One
2118,L.A. Confidential
335984,Blade Runner 2049
858024,Hamnet
520758,Chicken Run: Dawn of the Nugget
2062,Ratatouille
393209,Avatar 5
110415,Snowpiercer
10192,Shrek Forever After
14160,Up
700391,65
1100099,We Live in Time
1426968,The Gentleman
927,Gremlins
1196364,Thamma
1267319,Mantis
1181540,Guns Up
240,The Godfather Part II
2978,Ghostbusters II
945961,Alien: Romulus
12721,"No Retreat, No Surrender"
244998,Senario XX
1107216,Pets on a Train
1275779,Disclosure Day
14900,The Great Muppet Caper
857,Saving Private Ryan
209112,Batman v Superman: Dawn of Justice
13383,Santa Claus
425,Ice Age
1280518,Laberinto de sombras
1352624,The Mastermind
16869,Inglourious Basterds
138843,The Conjuring
58,Pirates of the Caribbean: Dead Man's Chest
512195,Red Notice
616037,Thor: Love and Thunder
13494,Red Sonja
1111873,Abigail
769,GoodFellas
866398,The Beekeeper
1064213,Anora
861451,Martin
42337,Beau Pere
447365,Guardians of the Galaxy Vol. 3
28178,Hachi: A Dog's Tale
1097549,Babygirl
111,Scarface
269955,Obsessed
8355,Ice Age: Dawn of the Dinosaurs
285,Pirates of the Caribbean: At World's End
14836,Coraline
345,Eyes Wide Shut
118,Charlie and the Chocolate Factory
355522,UNFAIR: the end
558449,Gladiator II
6418,Hotel Chevalier
14807,The Long Good Friday
854,The Mask
1865,Pirates of the Caribbean: On Stranger Tides
648878,Eddington
66245,Arunachalam
609681,The Marvels
156682,Virgins of Sherwood Forest
297762,Wonder Woman
1072699,Inside Furioza
10112,The Aristocats
281338,War for the Planet of the Apes
166428,How to Train Your Dragon: The Hidden World
1328803,Prisoner of War
475557,Joker
326359,Frozen Fever
661289,The Summers of It - Chapter Two: It Ends
34672,Chestnut: Hero of Central Park
559,Spider-Man 3
1154215,Elyas
1290159,A House of Dynamite
204391,Zomvideo
280,Terminator 2: Judgment Day
1588835,Kapag Tumayo Ang Testigo
12153,White Chicks
150689,Cinderella
1338799,JUJUTSU KAISEN: Hidden Inventory / Premature Death - The Movie
315162,Puss in Boots: The Last Wish
645757,That Christmas
284584,Uncle David
1374686,Light of the World
1550797,Prep & Landing: The Snowball Protocol
1357886,Django Undisputed
8681,Taken
1407862,Lost in the Spotlight
1134278,Pacific Fear
884605,No Hard Feelings
756999,The Black Phone
400155,Hotel Transylvania 3: Summer Vacation
436969,The Suicide Squad
387848,Buddy's Mom
270946,Penguins of Madagascar
670,Oldboy
1495,Kingdom of Heaven
62029,Bingo Bongo
976573,Elemental
787,Mr. & Mrs. Smith
1084222,Operation Blood Hunt
51052,Arthur Christmas
370172,No Time to Die
1396888,Celestina: Burlesk Dancer
1573,Die Hard 2
497698,Black Widow
300669,Don't Breathe
433,Mary Poppins
969681,Spider-Man: Brand New Day
1319895,Hostile Takeover
1278950,The Ritual
787699,Wonka
1404791,Dollhouse
244786,Whiplash
718838,Mothering Sunday
1026821,The Storm
18785,The Hangover
489,Good Will Hunting
91314,Transformers: Age of Extinction
296096,Me Before You
1109086,War 2
1232449,Young Hearts
134375,Home Alone: The Holiday Heist
183392,Capturing Avatar
615173,The Witch: Part 2. The Other One
1155281,Creation of the Gods II: Demon Force
2616,Uncle Buck
77338,The Intouchables
114,Pretty Woman
293660,Deadpool
4935,Howl's Moving Castle
38365,Grown Ups
1064307,Spermageddon
1138194,Heretic
1244975,The Orphans
1241921,A Big Bold Beautiful Journey
85,Raiders of the Lost Ark
150540,Inside Out
27066,The Voyeur
1241436,Warfare
500919,211
904444,Rose Bluelight
426063,Nosferatu
154629,Doña Bárbara
1425122,A Very Jonas Christmas Movie
49051,The Hobbit: An Unexpected Journey
359410,Road House
271110,Captain America: Civil War
13673,Christmas with the Kranks
62,2001: A Space Odyssey
107,Snatch
117,The Untouchables
10315,Fantastic Mr. Fox
12139,Dennis the Menace
763215,Damsel
263115,Logan
7485,Shooter
953,Madagascar
9806,The Incredibles
1274214,Papa Zola: The Movie
1151272,Sirāt
102382,The Amazing Spider-Man 2
940551,Migration
11036,The Notebook
249397,Nymphomaniac: Vol. II
1083433,I Know What You Did Last Summer
660,Thunderball
1043905,Dirty Angels
1087891,The Amateur
648457,DEEMO Memorial Keys
1196656,Sugar Baby
59940,Zebra Lounge
162,Edward Scissorhands
630,The Wizard of Oz
1471345,Homo Argentum
429,"The Good, the Bad and the Ugly"
507086,Jurassic World Dominion
612503,Subway Sadie
519465,Queen of Hearts
1429738,Tee Yai: Born to Be Bad
1149504,Honey Don't!
1295400,The Last Viking
9021,The Santa Clause 2
9387,Conan the Barbarian
530254,The Witch: Part 1. The Subversion
453395,Doctor Strange in the Multiverse of Madness
73861,A Serbian Film
12201,Edge of Darkness
1219158,Lover
713704,Evil Dead Rise
105825,Erotic Ghost Story III
1303236,GATAO: Like Father Like Son
1291436,Huwad
1229910,Kryptic
615457,Nobody
918200,The Victor
11770,Shaolin Soccer
103,Taxi Driver
13962,Blank Check
1022964,Candy Cane Lane
2469,Tie Me Up! Tie Me Down!
1137492,GCW Scene of the Crime
881,A Few Good Men
346910,The Predator
6977,No Country for Old Men
283995,Guardians of the Galaxy Vol. 2
1299655,Blue Moon
1084736,The Count of Monte Cristo
568124,Encanto
350,The Devil Wears Prada
14976,Rachel Getting Married
1339206,The Surrender
1017163,The Roundup: Punishment
810,Shrek the Third
142792,The Parisian Lady
667538,Transformers: Rise of the Beasts
10195,Thor
594767,Shazam! Fury of the Gods
801937,"Silent Night, Deadly Night"
398818,Call Me by Your Name
30974,High Lane
928358,Grand Jete
156022,The Equalizer
20453,3 Idiots
949,Heat
11836,The SpongeBob SquarePants Movie
210577,Gone Girl
24,Kill Bill: Vol. 1
1454308,The Pursuit of Lust 5
333339,Ready Player One
645710,The Voyeurs
424,Schindler's List
290098,The Handmaiden
34851,Predators
11688,The Emperor's New Groove
664850,Here We Are: Notes for Living on Planet Earth
1519168,The Jester 2
637649,Wrath of Man
977294,Tin Soldier
10591,The Girl Next Door
748783,The Garfield Movie
14161,2012
893694,Eva
10147,Bad Santa
1114967,Good Fortune
37165,The Truman Show
11013,Secretary
70345,Sssssss
1242501,Icefall
1306525,The Elixir
2024,The Patriot
1311379,The Footballest 2
324544,In the Lost Lands
72784,The Loft
121514,Miracolo italiano
975511,The Return
1357633,Solo Leveling -ReAwakening-
337167,Fifty Shades Freed
324786,Hacksaw Ridge
169,Predator 2
23483,Kick-Ass
1196207,The Night My Dad Saved Christmas 2
878,The Punch Bowl
863,Toy Story 2
207,Dead Poets Society
321612,Beauty and the Beast
1202863,From Darkness
1352755,Maintenance Required
508442,Soul
197,Braveheart
101,Léon: The Professional
809,Shrek 2
1392796,Diary of a Wimpy Kid: The Last Straw
829560,The Next 365 Days
653346,Kingdom of the Planet of the Apes
330457,Frozen II
1281,Bean
1145221,It Feeds
49049,Dredd
838240,Robot Dreams
131631,The Hunger Games: Mockingjay - Part 1
5994,The Family Man
70196,The Veteran
1137350,The Phoenician Scheme
46738,Incendies
377579,Gatao
152601,Her
119343,Of Human Bondage
910571,Fair Play
1086260,The Astronaut
39254,Real Steel
20352,Despicable Me
57158,The Hobbit: The Desolation of Smaug
870028,The Accountant²
1401318,A Merry Little Ex-Mas
1265063,After the Hunt
348893,Boyka: Undisputed IV
1269021,Wake
1226406,Love Hurts
48579,My Sister in Law
146451,Private Number 91-Karlsson
943542,Stealing Lust
744,Top Gun
505642,Black Panther: Wakanda Forever
939335,Muzzle
1117857,In Your Dreams
286217,The Martian
1081208,The Dogs
1124620,The Monkey
1601195,Dave Chappelle: The Unstoppable...
688,The Bridges of Madison County
393,Kill Bill: Vol. 2
466272,Once Upon a Time... in Hollywood
1310458,Saayavanam
490132,Green Book
1598067,Five Nights at Freddy's 3
1124,The Prestige
556803,The Princess Switch
335983,Venom
1064028,Subservience
27579,The American
322,Mystic River
20526,TRON: Legacy
9778,Serendipity
1426776,STRAW
1323784,Bad Influence
444539,The Bookshop
1049942,Bambi: The Reckoning
10527,Madagascar: Escape 2 Africa
1078023,The King of Snipers
530915,1917
307081,Southpaw
1159311,My Hero Academia: You're Next
579974,RRR
242,The Godfather Part III
1096563,End of Loyalty
81530,Blackrock
1233066,Manitou's Canoe
284053,Thor: Ragnarok
986206,Night Carnage
13767,The Santa Clause 3: The Escape Clause
1206008,Ella McCay
265195,Wild Tales
1277988,Caramelo
284052,Doctor Strange
654974,Home Sweet Home Alone
1355126,Sugar Mill
1330421,Bone Lake
1237082,31 Minutes: One Hot Christmas
78,Blade Runner
1022796,Wish
3933,Corpse Bride
10625,Mean Girls
35,The Simpsons Movie
102651,Maleficent
36321,Money Movers
298618,The Flash
1287322,Christy
93685,Swingers
522402,Finch
605722,Long Distance
1056803,Rascal Does Not Dream of a Sister Venturing Out
1126166,Flight Risk
1320414,The Witness
1321624,731: Evil Unbound
851644,20th Century Girl
79871,Crazy Love
49046,All Quiet on the Western Front
13394,Shrek the Halls
848890,The Tomorrow War 2
38,Eternal Sunshine of the Spotless Mind
6282,Coyote Ugly
11774,Lemony Snicket's A Series of Unfortunate Events
760329,The Smashing Machine
661286,The Summers of It – Chapter One: You'll Float Too
926393,The Equalizer 3
481871,Mother's Job
55721,Bridesmaids
82507,Sinister
135397,Jurassic World
46853,Playing with Love
11448,Mighty Aphrodite
1100782,Smile 2
1208348,Rental Family
967,Spartacus
466420,Killers of the Flower Moon
1001270,The Things You Kill
1326106,Kaiju No. 8: Mission Recon
146233,Prisoners
502143,The Breaker Upperers
14324,Virgin Territory
2280,Big
72808,The Flesh
99567,On Approval
656908,Ramayana: Part One
13186,Wrong Turn 2: Dead End
760104,X
1452,Superman Returns
545611,Everything Everywhere All at Once
629542,The Bad Guys
281957,The Revenant
49521,Man of Steel
1185528,Legends of the Condor Heroes: The Gallants
791373,Zack Snyder's Justice League
419116,Russian Mom
620,Ghostbusters
170,28 Days Later
389,12 Angry Men
812,Aladdin
1441,The Contract
882569,Guy Ritchie's The Covenant
4584,Sense and Sensibility
572802,Aquaman and the Lost Kingdom
1086910,The Lost Princess
1263256,Happy Gilmore 2
654028,The Christmas Chronicles: Part Two
408866,RE:BORN
762441,A Quiet Place: Day One
447277,The Little Mermaid
10796,The One
1198426,Captain Avispa
6479,I Am Legend
1422,The Departed
8195,Ronin
64084,Scorned
764,The Evil Dead
672322,Rurouni Kenshin: The Beginning
329865,Arrival
1398418,Moving In
1561498,Sem Break
1059673,Avatar: The Deep Dive - A Special Edition of 20/20
313369,La La Land
166668,Raw Target
1429,25th Hour
1208808,Night Shift
1417,Pan's Labyrinth
368412,Found Money
9340,The Goonies
506053,Gatao 2: Rise of the King
284054,Black Panther
380,Rain Man
1398655,Blue Film
9444,Anastasia
1072790,Anyone But You
64688,21 Jump Street
1245993,Caught Stealing
257344,Pixels
1409235,The Illusioned Ones
235,Stand by Me
9470,Kung Fu Hustle
14926,Uptown Girls
1314754,Trail of Vengeance
1366,Rocky
82690,Wreck-It Ralph
635302,Demon Slayer -Kimetsu no Yaiba- The Movie: Mugen Train
581,Dances with Wolves
1136867,Materialists
1214130,Stitch Head
1571,Live Free or Die Hard
8077,Alien³
1579,Apocalypto
324552,John Wick: Chapter 2
1140535,Presence
4232,Scream
1233575,Black Bag
812037,Last Summer
168259,Furious 7
9769,Lolita
629,The Usual Suspects
1204186,White Courage
43593,Piranha 3D
298094,Hidden Desire
792,Platoon
8055,The Reader
414419,Kill Bill: The Whole Bloody Affair
187017,22 Jump Street
12193,Four Christmases
242582,Nightcrawler
10730,King Kong
665,Ben-Hur
11852,The Hot Chick
1368,First Blood
12230,One Hundred and One Dalmatians
8392,My Neighbor Totoro
920,Cars
22832,Ninja Assassin
1895,Star Wars: Episode III - Revenge of the Sith
1148713,The Courier
41280,Private Lessons
1724,The Incredible Hulk
1151334,Eenie Meanie
10867,Malena
985932,Virgin Forest
32657,Percy Jackson & the Olympians: The Lightning Thief
1300116,Fall for Me
19994,Jennifer's Body
592983,Spellbound
13764,Santa Claus: The Movie
438695,Sing 2
873488,House Tour
27581,The Other Guys
287424,Maggie
2330,Taxi
127585,X-Men: Days of Future Past
9043,The Family Stone
504056,Big Brother
423108,The Conjuring: The Devil Made Me Do It
9552,The Exorcist
509967,6 Underground
1290190,Lokah Chapter 1: Chandra
252,Willy Wonka & the Chocolate Factory
30484,Warrior Queen
539,Psycho
161,Ocean's Eleven
969492,Land of Bad
372921,Mutual Relations
1133651,Twelve
34806,The Back-Up Plan
72190,World War Z
63755,Der Pauker
11062,City Hall
679,Aliens
109418,Grown Ups 2
891699,Silent Night
43347,Love & Other Drugs
1522923,Safe House
1290182,You Are the Apple of My Eye
36586,Blade II
48650,Room in Rome
587792,Palm Springs
412092,Mom's Friend 2
77412,Romance
968051,The Nun II
524047,Greenland
842924,The Life of Chuck
10674,Mulan
65974,La Mandarine
580175,Another Round
1572,Die Hard: With a Vengeance
9753,Three
7131,Van Helsing
327833,Skin Trade
1005331,Carry-On
82702,How to Train Your Dragon 2
383498,Deadpool 2
62177,Brave
9693,Children of Men
8920,Garfield
21778,RRRrrrr!!!
10193,Toy Story 3
384018,Fast & Furious Presents: Hobbs & Shaw
937278,A Man Called Otto
11775,Intolerable Cruelty
1091,The Thing
16295,Higher Learning
274167,Daddy's Home
164,Breakfast at Tiffany's
1064375,Paradox Effect
717980,Sharper
746036,The Fall Guy
299054,Expend4bles
1325678,Sarah's Oil
1377505,Spithood
311,Once Upon a Time in America
1003598,Avengers: Secret Wars
1323475,Champagne Problems
2056,The Station Agent
508947,Turning Red
1316147,Grand Prix of Europe
1246369,Samurai Fury
801335,Girl in the Basement
51482,Death Note Relight 1: Visions of a God
1190511,Sitaare Zameen Par
566525,Shang-Chi and the Legend of the Ten Rings
1102776,AKA
41517,Ra.One
57212,War Horse
1022690,Ricky Stanicky
273481,Sicario
1371727,Sing: Thriller
21407,The Collector
1149912,Kelas Bintang - Hot Moms
537971,Mia
13187,A Charlie Brown Christmas
1135303,The Senior
364,Batman Returns
8358,Cast Away
4553,The Machinist
10764,Quantum of Solace
408,Snow White and the Seven Dwarfs
843,In the Mood for Love
19913,(500) Days of Summer
927107,The Bricklayer
259316,Fantastic Beasts and Where to Find Them
214756,Ted 2
558829,Secret Documents
1491,The Illusionist
561,Constantine
4032,My Girl
1315303,Primate
335,Once Upon a Time in the West
145341,Colonel Kwiatkowski
62835,Colombiana
681291,Klub tří
166426,Pirates of the Caribbean: Dead Men Tell No Tales
13188,Scrooge
14709,Varsity Blues
11528,The Sandlot
335797,Sing
1337395,Kiskisan
1356039,Counterattack
271116,Devil Angel
1307078,My Oxford Year
615321,Danger Ahead
335977,Indiana Jones and the Dial of Destiny
24886,Minor Details
11360,Dumbo
12222,Horton Hears a Who!
19595,Shark Bait
274857,King Arthur: Legend of the Sword
11153,National Lampoon's Vacation
1410082,Sniper: The Last Stand
846422,The Old Guard 2
929590,Civil War
930094,"Red, White & Royal Blue"
462181,Palm Swings
940721,Godzilla Minus One
508943,Luca
122906,About Time
1405338,Demon City
1249289,Alarum
698508,Redeeming Love
260030,Killer Mermaid
400535,Sicario: Day of the Soldado
873967,The Devil’s Trap
1291040,Mrs. Christmas
259693,The Conjuring 2
245891,John Wick
668489,Havoc
128,Princess Mononoke
1232546,Until Dawn
1032823,Trap
117263,Olympus Has Fallen
273916,Beyond Bob
2064,While You Were Sleeping
82139,Removal
537204,Scapa Flow
559907,The Green Knight
792307,Poor Things
421892,Shrek 5
14,American Beauty
269495,No Thank You
454626,Sonic the Hedgehog
261037,Miss Meadows
1584619,Murder in Monaco
25512,Jeanne and the Perfect Guy
753342,Napoleon
22705,Cheeky
37135,Tarzan
250546,Annabelle
10066,House of Wax
12503,Under Fire
1271,300
11011,Ri¢hie Ri¢h
239529,Lupin the Third vs. Detective Conan: The Movie
1131759,Omniscient Reader: The Prophecy
23823,Wrong Turn 3: Left for Dead
290595,The Huntsman: Winter's War
970450,Werewolves
1285247,Murder Company
140607,Star Wars: The Force Awakens
10949,Oliver Twist
12244,9
148608,Moon Mater
337404,Cruella
37169,The Human Centipede (First Sequence)
1135873,GGS - Ganteng-Ganteng Sange
255927,Câncer
763164,Apex
1029235,Azrael
297,Meet Joe Black
74997,The Human Centipede 2 (Full Sequence)
181812,Star Wars: The Rise of Skywalker
375846,Bad Sister
9902,Wrong Turn
621,Grease
339403,Baby Driver
901362,Trolls Band Together
897160,Brave Citizen
353081,Mission: Impossible - Fallout
25961,Pokémon: The Rise of Darkrai
1580234,Akin Ang Gabi
37735,Easy A
38575,The Karate Kid
966,The Magnificent Seven
1069705,GOKU-OH 2
36225,Oxen Split Torturing
2193,My Tutor
37799,The Social Network
932624,When a Hot Night Opens 2
10198,The Princess and the Frog
10423,Dragon: The Bruce Lee Story
675353,Sonic the Hedgehog 2
358895,Being Charlie
666154,Kayara
444951,New Life
4247,Scary Movie
954,Mission: Impossible
226074,Pleasure Spa
2105,American Pie
76492,Hotel Transylvania
985939,Fall
10515,Castle in the Sky
745,The Sixth Sense
7326,Juno
1205515,"Sorry, Baby"
70981,Prometheus
52212,Miranda
1254808,Nouvelle Vague
1734,The Mummy Returns
308403,Homesick
695721,The Hunger Games: The Ballad of Songbirds & Snakes
137113,Edge of Tomorrow
46195,Rio
251,Ghost
10530,Pocahontas
493529,Dungeons & Dragons: Honor Among Thieves
65502,Fools' Parade
1226863,The Super Mario Galaxy Movie
1203097,Ganti-Ganti
615,The Passion of the Christ
1580353,The Fakenapping
8467,Dumb and Dumber
360784,Hidden
2300,Space Jam
351286,Jurassic World: Fallen Kingdom
205,Hotel Rwanda
9353,Nacho Libre
770,Gone with the Wind
1029529,Powerless King
298,Ocean's Thirteen
459938,Beauty Mark
1402,The Pursuit of Happyness
8835,Legally Blonde
445,Caché
404180,El viaje
787747,Shell
1311844,The Twisters
11031,This Is Spinal Tap
138103,The Expendables 3
132344,Before Midnight
567811,10 Lives
1490785,When Calls the Heart: Changing Times
1228710,Star Wars: The Mandalorian and Grogu
73723,The Lorax
879,Hook
57800,Ice Age: Continental Drift
550988,Free Guy
37498,Knock Off
378064,A Silent Voice: The Movie
9471,Charlie's Angels: Full Throttle
37724,Skyfall
510,One Flew Over the Cuckoo's Nest
166460,Routine Love Story
375700,The Legacy
987400,Aztec Batman: Clash of Empires
24122,The Rebound
76338,Thor: The Dark World
50620,The Twilight Saga: Breaking Dawn - Part 2
240832,Lucy
116613,The Sweeney
11230,Drunken Master
615656,Meg 2: The Trench
1195506,Novocaine
878396,Querido Fidel
773,Little Miss Sunshine
493922,Hereditary
718930,Bullet Train
26593,Rio Lobo
859,Dangerous Liaisons
19404,Dilwale Dulhania Le Jayenge
346,Seven Samurai
14537,Harakiri
637,Life Is Beautiful
12477,Grave of the Fireflies
11216,Cinema Paradiso
598,City of God
667257,Impossible Things
696374,Gabriel's Inferno
40096,A Dog's Will
255709,Hope
1891,The Empire Strikes Back
724089,Gabriel's Inferno: Part II
423,The Pianist
770156,Lucy Shimmers and the Prince of Peace
761053,Gabriel's Inferno: Part III
1058694,Radical
12493,High and Low
274,The Silence of the Lambs
73,American History X
567,Rear Window
3782,Ikiru
620249,The Legend of Hei
820067,The Quintessential Quintuplets Movie
372754,Dou kyu sei – Classmates
10494,Perfect Blue
533514,Violet Evergarden: The Movie
15804,A Brighter Summer Day
914,The Great Dictator
599,Sunset Boulevard
652837,"Josee, the Tiger and the Fish"
42269,We All Loved Each Other So Much
3082,Modern Times
644479,Dedicated to my ex
1139087,Once Upon a Studio
1186532,The Forge
92321,Hotarubi no Mori e
18491,Neon Genesis Evangelion: The End of Evangelion
28,Apocalypse Now
975,Paths of Glory
901,City Lights
637920,Miracle in Cell No. 7
632632,Given
10376,The Legend of 1900
504253,I Want to Eat Your Pancreas
654299,Out of the Clear Blue Sky
572154,Rascal Does Not Dream of a Dreaming Girl
29259,Le Trou
630566,Clouds
447362,Life in a Year
568332,Taylor Swift: Reputation Stadium Tour
24188,Il Sorpasso
25237,Come and See
92060,Michael Jackson's Thriller
527641,Five Feet Apart
265177,Mommy
110420,Wolf Children
37257,Witness for the Prosecution
995133,"The Boy, the Mole, the Fox and the Horse"
50014,The Help
618344,Justice League Dark: Apokolips War
283566,Evangelion: 3.0+1.0 Thrice Upon a Time
1160164,TAYLOR SWIFT | THE ERAS TOUR
16672,Woman in the Dunes
441130,Wolfwalkers
284,The Apartment
522924,The Art of Racing in the Rain
313106,Doctor Who: The Day of the Doctor
620683,My Mom Is a Character 3
77,Memento
829402,Ultraman: Rising
185,A Clockwork Orange
5156,Bicycle Thieves
537061,Steven Universe: The Movie
476292,Maquia: When the Promised Flower Blooms
18148,Tokyo Story
26451,Investigation of a Citizen Above Suspicion
490,The Seventh Seal
20941,Innocent Voices
81481,Silenced
10098,The Kid
426,Vertigo
592350,My Hero Academia: Heroes Rising
399106,Piper
289,Casablanca
517814,Capernaum
666,Central Station
872,Singin' in the Rain
458220,Palmer
797,Persona
606856,Togo
1103621,How to Make Millions Before Grandma Dies
9702,Bound by Honor
20914,My Friends
575813,Better Days
935,Dr. Strangelove or: How I Learned to Stop Worrying and Love the Bomb
600,Full Metal Jacket
812225,Black Clover: Sword of the Wizard King
422,8½
500,Reservoir Dogs
3780,Red Beard
1398,Stalker
38288,"“The Shorts” by Aldo, Giovanni and Giacomo"
795607,Green Snake
406997,Wonder
531428,Portrait of a Lady on Fire
996,Double Indemnity
810693,Jujutsu Kaisen 0
10681,WALL·E
19,Metropolis
100,"Lock, Stock and Two Smoking Barrels"
600354,The Father
103663,The Hunt
614,Wild Strawberries
610892,Violet Evergarden: Eternity and the Auto Memory Doll
755812,"Miraculous World: New York, United HeroeZ"
24382,Big Deal on Madonna Street
20334,The Shop Around the Corner
664767,Mortal Kombat Legends: Scorpion's Revenge
1026227,There's Still Tomorrow
470044,The Hate U Give
282848,Doctor Who: The Time of the Doctor
149871,The Tale of The Princess Kaguya
239,Some Like It Hot
11878,Yojimbo
411088,The Invisible Guest
406,La Haine
655,"Paris, Texas"
387,Das Boot
55823,The Great War
20532,Sansho the Bailiff
7345,There Will Be Blood
1064486,Memoir of a Snail
831827,Far from the Tree
705,All About Eve
11659,The Best of Youth
663558,New Gods: Nezha Reborn
2457,Children of Paradise
31439,To Live
832,M
359940,"Three Billboards Outside Ebbing, Missouri"
7347,Elite Squad
21634,Prayers for Bobby
532067,KONOSUBA – God's blessing on this wonderful world! Legend of Crimson
762975,Purple Hearts
522518,A Dog's Journey
1244492,Look Back
133919,Scenes from a Marriage
11423,Memories of Murder
992,Sherlock Jr.
381284,Hidden Figures
1955,The Elephant Man
548,Rashomon
439,La Dolce Vita
11645,Ran
640344,Me Against You: Mr. S's Vendetta
334543,Lion
518068,Along with the Gods: The Last 49 Days
437068,A Taxi Driver
582,The Lives of Others
555604,Guillermo del Toro's Pinocchio
638507,How to Train Your Dragon: Homecoming
42229,A Special Day
550776,Believe Me: The Abduction of Lisa McVey
397567,Along with the Gods: The Two Worlds
120467,The Grand Budapest Hotel
310569,The Second Mother
800,The Young and the Damned
26022,My Name Is Khan
279,Amadeus
147,The 400 Blows
538362,On My Skin
698687,Transformers One
785534,Paper Lives
9277,The Sting
307,"Rome, Open City"
938,For a Few Dollars More
610461,"Veinteañera, divorciada y fantástica"
821,Judgment at Nuremberg
472454,Ayla: The Daughter of War
641,Requiem for a Dream
204,The Wages of Fear
823754,Bo Burnham: Inside
20530,Late Spring
400608,Bo Burnham: Make Happy
347688,Scooby-Doo! and KISS: Rock and Roll Mystery
43949,Flipped
55960,"Toto, Peppino, and the Hussy"
359724,Ford v Ferrari
521,Dial M for Murder
14696,Ugetsu
400928,Gifted
264644,Room
110416,Song of the Sea
8422,Rocco and His Brothers
140420,Paperman
947,Lawrence of Arabia
515001,Jojo Rabbit
595,To Kill a Mockingbird
15,Citizen Kane
780,The Passion of Joan of Arc
568160,Weathering with You
526702,Black Beauty
524,Casino
962232,Beyond the Universe
3175,Barry Lyndon
678580,El mesero
339877,Loving Vincent
13223,Gran Torino
11658,Tae Guk Gi: The Brotherhood of War
19426,Nights of Cabiria
449176,"Love, Simon"
11778,The Deer Hunter
455661,In a Heartbeat
962,The Gold Rush
429210,Bingo: The King of the Mornings
12761,Autumn Sonata
906126,Society of the Snow
213,North by Northwest
19542,The Red Shoes
1059,The Hidden Fortress
678512,Sound of Freedom
25376,The Secret in Their Eyes
2517,Nobody Knows
76,Before Sunrise
7508,Like Stars on Earth
38286,Three Men and a Leg
424694,Bohemian Rhapsody
329,Jurassic Park
11104,Chungking Express
895,Andrei Rublev
626332,Flamin' Hot
10386,The Iron Giant
627,Trainspotting
70,Million Dollar Baby
3090,The Treasure of the Sierra Madre
30017,Close-Up
37797,Whisper of the Heart
11712,Sanjuro
28422,Love Exposure
81,Nausicaä of the Valley of the Wind
237791,The Way He Looks
574074,Kitbull
48035,Ordet
15244,A Man Escaped
1396,Mirror
1000492,All Your Faces
10997,Farewell My Concubine
726684,Miraculous World: Shanghai - The Legend of Ladydragon
1580,Rope
29264,The Exterminating Angel
12104,Pink Floyd: The Wall
5925,The Great Escape
149,Akira
41050,La Notte
76203,12 Years a Slave
6715,The Cure
315465,The Boy and the Beast
242828,When Marnie Was There
1000837,I'm Still Here
160885,Tel chi el telùn
28978,The Circus
961,The General
1050035,Monster
489412,It's Such a Beautiful Day
18438,Castaway on the Moon
8290,Don't Look Now... We're Being Shot At!
234,The Cabinet of Dr. Caligari
10404,Raise the Red Lantern
9323,Ghost in the Shell
180147,We Are the Nobles
142061,"Batman: The Dark Knight Returns, Part 2"
11010,The Postman
13398,Tokyo Godfathers
1646,Freedom Writers
152532,Dallas Buyers Club
3777,Throne of Blood
20803,Ivan Vasilyevich Changes His Profession
38360,The Cranes Are Flying
1578,Raging Bull
829,Chinatown
1092,The Third Man
9764,Dersu Uzala
23282,One Week
194,Amélie
21334,Children of Heaven
20722,La Maison en Petits Cubes
405,La Strada
110,Three Colors: Red
25538,Yi Yi
378108,In This Corner of the World
827,Diabolique
33,Unforgiven
503314,Dragon Ball Super: Broly
118340,Guardians of the Galaxy
1892,Return of the Jedi
776503,CODA
28971,Limelight
10242,What Ever Happened to Baby Jane?
15383,Army of Shadows
404378,A Street Cat Named Bob
752,V for Vendetta
775,A Trip to the Moon
49964,Where Is The Friend's House?
916224,Suzume
7984,In the Name of the Father
7857,Amarcord
60243,A Separation
1162,The Miracle Worker
223,Rebecca
10238,Cries and Whispers
10728,Faust
554596,"No manches, Frida 2: paraíso destruido"
354857,Regular Show: The Movie
920394,My Father's Violin
334533,Captain Fantastic
29455,Winter Light
488623,Forgotten
94047,My Way
610150,Dragon Ball Super: Super Hero
2011,Persepolis
804,Roman Holiday
573164,An Egg Rescue
505262,My Hero Academia: Two Heroes
426618,Where Hands Touch
183011,Justice League: The Flashpoint Paradox
360814,Dangal
740937,Simone: Woman of the Century
491480,The Boy Who Harnessed the Wind
582927,I'm No Longer Here
17295,The Battle of Algiers
52629,El Infierno
458302,"Remi, Nobody's Boy"
24238,Mary and Max
20271,Divorce Italian Style
833,Umberto D.
667520,A Whisker Away
47796,Mamma Roma
654,On the Waterfront
1607,A Bronx Tale
774531,Young Woman and the Sea
3112,The Night of the Hunter
482321,Ron's Gone Wrong
316029,The Greatest Showman
455714,Bad Genius
662,La Jetée
16237,Teen Titans: Trouble in Tokyo
777,Grand Illusion
961323,Nimona
944401,Dogman
1214484,Let Go
698948,Thirteen Lives
3034,Young Frankenstein
501929,The Mitchells vs. the Machines
11293,Paper Moon
16,Dancer in the Dark
331482,Little Women
522212,Just Mercy
369557,Sing Street
32085,Vincent
550205,Wish Dragon
25364,Ace in the Hole
613,Downfall
381341,Perfect Strangers
453,A Beautiful Mind
761898,Sword Art Online the Movie – Progressive – Aria of a Starless Night
23160,Werckmeister Harmonies
1081676,Forgotten Love
275,Fargo
89,Indiana Jones and the Last Crusade
50759,An Autumn Afternoon
505192,Shoplifters
93,Anatomy of a Murder
59440,Warrior
581528,"The Gangster, the Cop, the Devil"
5801,Pather Panchali
399174,Isle of Dogs
16804,Departures
3083,Mr. Smith Goes to Washington
968,Dog Day Afternoon
86000,Always
379170,Sherlock: The Abominable Bride
178682,The Wizards Return: Alex vs. Alex
293299,Feast
52345,Lisbela and the Prisoner
115,The Big Lebowski
677638,We Bare Bears: The Movie
11656,The Virgin Spring
266856,The Theory of Everything
323272,War Room
33320,Millennium Actress
11953,Kagemusha
27064,Mishima: A Life in Four Chapters
714888,Argentina 1985
435129,The Breadwinner
430424,See You Up There
47931,Elite Squad: The Enemy Within
406785,Inner Workings
16859,Kiki's Delivery Service
3078,It Happened One Night
31411,The Cameraman
391,A Fistful of Dollars
6075,Carlito's Way
24167,Two Women
33602,Temple Grandin
445030,"No Game, No Life: Zero"
32480,The Marquis of Grillo
5924,Papillon
805,Rosemary's Baby
779047,Us Again
83564,La luna
31442,Ivan's Childhood
650031,The Shadow in My Eye
11830,Tampopo
1280,3-Iron
25606,Fantozzi: White Collar Blues
14574,The Boy in the Striped Pyjamas
554590,Tod@s Caen
631,Sunrise: A Song of Two Humans
198,To Be or Not to Be
4977,Paprika
826,The Bridge on the River Kwai
596,The Grapes of Wrath
303867,World of Tomorrow
552532,Charm City Kings
314365,Spotlight
2440,Joint Security Area
527774,Raya and the Last Dragon
11697,The Man Who Shot Liberty Valance
200727,"Love, Rosie"
45752,Scooby-Doo! Camp Scare
419478,Midnight Sun
10774,Network
548544,Invisible Life
594634,Close to the Horizon
56231,The Working Class Goes to Heaven
80,Before Sunset
16761,A Movie of Eggs
301,Rio Bravo
531,The Wrong Trousers
152742,The Best Offer
1018,Mulholland Drive
398924,A Bag of Marbles
15859,A Moment to Remember
84892,The Perks of Being a Wallflower
502,Fail Safe
113,"Spring, Summer, Fall, Winter... and Spring"
937746,Io Capitano
393559,My Life as a Zucchini
10775,Infernal Affairs
335578,Land of Mine
5915,Into the Wild
762,Monty Python and the Holy Grail
31011,Mr. Nobody
58129,The Phantom Carriage
3870,1900
29845,A Woman Under the Influence
13042,Presto
22843,Evangelion: 2.0 You Can (Not) Advance
11621,Porco Rosso
49797,I Saw the Devil
11049,Interstella 5555: The 5tory of the 5ecret 5tar 5ystem
1394,Nostalgia
149870,The Wind Rises
29458,One Hundred Steps
348892,Bajrangi Bhaijaan
22683,Gifted Hands: The Ben Carson Story
901563,Close
5961,Fanny and Alexander
593,Solaris
579245,The Specials
785084,The Whale
142,Brokeback Mountain
262,The King of Comedy
12496,The Twilight Samurai
277216,Straight Outta Compton
14069,The Girl Who Leapt Through Time
359156,Don't Be Bad
20873,The Diamond Arm
5000,Forbidden Games
632322,All My Life
136,Freaks
934,Rififi
887,The Best Years of Our Lives
9475,Scent of a Woman
11602,Through a Glass Darkly
976893,Perfect Days
165,Back to the Future Part II
71157,Polisse
11005,Awakenings
925,Do the Right Thing
144,Wings of Desire
570503,Tune in for Love
783675,The First Slam Dunk
712454,The Summit of the Gods
715931,Emancipation
2721,Z
31056,A Short Film About Love
760774,One Life
141,Donnie Darko
6844,The Ten Commandments
24480,Partly Cloudy
126319,Ernest & Celestine
169813,Short Term 12
5991,The Last Laugh
18079,Nine Queens
22504,The King and the Mockingbird
5511,Le Samouraï
14282,Ninja Scroll
25050,Still Walking
946,Letter from an Unknown Woman
9421,The Dinner Game
14756,Ip Man
553,Dogville
652722,In the Arms of an Assassin
583,Life of Brian
86837,Amour
10229,A Walk to Remember
273248,The Hateful Eight
1675,Day for Night
1480,Touch of Evil
587,Big Fish
12429,Ponyo
423612,Never Look Away
28162,A Matter of Life and Death
523781,Words on Bathroom Walls
428493,God's Own Country
13855,The Chaser
40662,Batman: Under the Red Hood
17483,Shelter
1700,Misery
303,Notorious
211954,Instructions Not Included
203217,My Mom Is a Character
14811,Fiddler on the Roof
585511,Luck
873,The Color Purple
903,Cool Hand Luke
25253,Crooks in Clover
609242,The Heist of the Century
980489,Gran Turismo
216,Ali: Fear Eats the Soul
51533,Let the Bullets Fly
27670,Nothing Left to Do But Cry
113833,The Normal Heart
45269,The King's Speech
382591,Two Is a Family
492188,Marriage Story
703,Annie Hall
20126,Deep Red
5528,The Chorus
96721,Rush
123025,"Batman: The Dark Knight Returns, Part 1"
12405,Slumdog Millionaire
1040,The Leopard
334,Magnolia
15916,Angel's Egg
2108,The Breakfast Club
336804,Mustang
61979,Three Steps Above Heaven
15265,The Red Balloon
221732,Rurouni Kenshin Part III: The Legend Ends
843906,Straight Outta Nowhere: Scooby-Doo! Meets Courage the Cowardly Dog
28276,Good Morning
22596,Safety Last!
404,The Straight Story
369299,Don't Blame the Kid
10227,PlayTime
696,Manhattan
1626,Vivre Sa Vie
525,The Blues Brothers
11902,Underground
32579,Under the Same Moon
705861,Hustle
11299,Cowboy Bebop: The Movie
396,Who's Afraid of Virginia Woolf?
666277,Past Lives
359784,Maudie
9800,Philadelphia
980,The Ox-Bow Incident
602063,Rurouni Kenshin: The Final
309,The Celebration
374473,"I, Daniel Blake"
597316,My Little Pony: A New Generation
1139817,Officer Black Belt
451945,BPM (Beats per Minute)
30959,Kwaidan
11171,Mysterious Skin
486589,Red Shoes and the Seven Dwarfs
40619,Day & Night
30018,Mother
963,The Maltese Falcon
49687,Marriage Italian Style
980026,The Promised Land
843241,The Seven Deadly Sins: Cursed by Light
453191,The Big Bad Fox and Other Tales
502033,Sound of Metal
19026,Azur & Asmar: The Princes' Quest
12491,Accattone
573699,White Snake
297222,PK
2204,Alice in the Cities
51608,The Man from Nowhere
337960,Holding the Man
1126336,Anniversary
1235746,Dead of Winter
1284460,Alpha
1370559,Tired of Killing
1181107,The King of Kings
926606,The Home
1127110,Diablo
1215798,The Cut
1254135,"13 Days, 13 Nights: In the Hell of Kabul"
18239,The Twilight Saga: New Moon
87,Indiana Jones and the Temple of Doom
1321412,Ride Away
945801,A Writer's Odyssey 2
1472638,Buen camino
1136394,An Ordinary Case
1566269,The First Snow of Fraggle Rock
1364608,Anemone
1385536,Sore: A Wife from the Future
1401778,Turbulence
50619,The Twilight Saga: Breaking Dawn - Part 1
1562010,Taylor Swift | The Eras Tour | The Final Show
1245347,Twinless
1337562,Splitsville
1513031,Until My Voice Breaks
1331375,Dominique
1262983,MadS
878608,Resurrection
9453,Caligula
1388456,Bar Boys: After School
1002158,Vultures
1421990,The Baltimorons
1584125,Breakdown: 1975
1315988,Mikaela
1290183,The First Ride
1404404,Crayon Shin-chan the Movie: Super Hot! The Spicy Kasukabe Dancers
24021,The Twilight Saga: Eclipse
1043197,Dust Bunny
730251,Happyend
1408208,Exit 8
1088166,Relay
1235246,Christmas Karma
1175174,Fackham Hall
717196,Niko: Beyond the Northern Lights
1580225,A Firefighter's Christmas Calendar
1019239,El castigo
1429348,The Stranger
1159206,Father Mother Sister Brother
1160360,If I Had Legs I'd Kick You
1214469,Ghostlight
1221061,Sound of Falling
1397364,La Grazia
1396965,Detective Conan: One-Eyed Flashback
782,Gattaca
628847,Trap House
258480,Carol
11655,Cronos
285020,"Christmas, Again"
864772,Vilaayath Budha
1459584,Good Luck
1013052,U Are the Universe
999075,Left-Handed Girl
1262815,The Choral
1232827,The Girl with the Needle
1427833,A Mouse Hunt for Christmas
1290432,A Private Life
11782,Hard Boiled
1572017,Love and Wine
1370814,The Plague
650524,Back to the Past
768614,Silver Star
1475189,Family Disaster
1354518,100 Nights of Hero
1480382,The Voice of Hind Rajab
1175161,Agak Laen
1419053,ChaO
1100998,SuperKlaus
1284807,Desperate Journey
1125822,Eternal Return
1588858,Aliwan Inn
1407523,Tu Meri Main Tera Main Tera Tu Meri
1001736,Meet the Barbarians
1239288,Atropia
1386827,Coyotes
1299046,Diamonds
1228685,Love
1444998,Aufputzt is'
1401281,The Testament of Ann Lee
482,Shaft
798580,The Creeps
1119537,Love Letters
1497017,Adult Swim's The Elephant
1273274,Haal
1407437,Andhra King Taluka
1372851,The Ride
1356670,Late Shift
1001288,Vade Retro
1436383,Tulips
1421071,Golden Boy
1287141,Pillion
1464374,Los Tigres
793058,Hi-Five
1567113,The Christmas Carols
1266798,Dog 51
1233199,Exorcism Chronicles: The Beginning
1157322,Franz
1549517,Balahibong Pusa
1053231,Boss
1119544,When in Rome
1421634,Sukma
1049574,Darkness of Man
1222306,Saali Mohabbat
1355140,Janur Ireng
1547929,The Christmas Baby
1245399,Hola Frida!
1339166,Shaman
1196995,Bha. Bha. Ba.
1400776,Folktales
1583500,Elway
1497970,Tom and Jerry: Forbidden Compass
1500536,Dead to Rights
918957,Lawho Gouranger Naam Re
1433680,The Dinner
1422166,The Age of Disclosure
1379520,Rule Breakers
1232781,Dying
1179684,Amsterdamned II
1216571,June and John
944194,The Great Escaper
1119548,La Condition
1310830,Fuori
1197662,A Sudden Case of Christmas
1425233,Premante
1233655,Omaha
1372588,Akhanda 2: Thaandavam
38004,After Midnight
1379266,Kokuho
1420270,The Verdict
1478406,A Loud House Christmas Movie: Naughty or Nice
1321764,The Estate
1224993,Dark Nuns
1553895,Mario Lopez Presents: Chasing Christmas
1359388,La bala
645560,Quezon
804862,Bring Them Down
1033671,Christmas at Mistletoe Manor
1141163,Diva Futura
1318642,Beauty and the Beat
1393334,Smothered
1320810,Boong
1142921,Tere Ishk Mein
1452176,Abraham's Boys: A Dracula Story
12259,Sholay
1365683,Primavera
1242015,Young Mothers
613080,Once Upon a Time in Bethlehem
1473354,Sarvam Maya
1588965,Tom Segura: Teacher
1440456,Juste Xavier
1294698,Case 137
1600028,La Celda de los Milagros
1001010,Winter in Sokcho
1321952,"Sofia, the Possession"
1193120,Present Perfect
1503322,Ordinary Girl in a Tiara
1585476,Kevin Costner Presents: The First Christmas
1162337,Blue Eyed Girl
1177865,Riley
1440185,"Jone, Sometimes"
1079244,Bonhoeffer: Pastor. Spy. Assassin
1297028,Rosario
1359209,Beck 53 - From the Ashes
1113199,Tespis Teporocho
1599594,Sahbek Rajel 2
1555298,Rajini Gaang
976576,Emmanuelle
1167271,Weekend in Taipei
1410399,Death Whisperer 3
1437158,Last Man  FAKE/TRUTH
934456,Americana
1406657,Scarlet
1149614,Yes
1214118,The Other Way Around
1136837,Caught by the Tides
1404180,Welcome Home Baby
1144443,Follow My Voice
1208457,STZ
1243741,Ballistic
30970,Code Unknown
1410189,Kontinental '25
1388608,Sleep Paralysis
1416814,D.P.A. 4 - O Fantástico Reino de Ondion
1305725,In the Rose Garden
1171634,When Fall Is Coming
1514540,Ata Pūao
10174,Madonna: Truth or Dare
1219620,All That's Left of You
1178602,Mirrors No. 3
1128599,The Innocents
26302,The Color of Pomegranates
1382160,45
1172265,The Blue Trail
891584,The History of Sound
1517824,Christmas Everyday
1233506,The Shrinking Man
1467307,Три богатыря и свет клином
1439177,Animal Totem
1339219,Bleeding
1219548,The Physician II
1933,The Others
1166170,You Found Me
1576878,Unseen Enemy
1330400,Stone Creek Killer
37997,Permanent Vacation
1264573,Lurker
1306400,Merrily We Roll Along
1283671,Peak Everything
340374,The Gettysburg Address
985354,Un Paarvayil
1269644,Amrum
198915,The Delinquents
766520,Rosemead
6978,Big Trouble in Little China
524635,The Chronology of Water
63773,Leadbelly
988367,Miss Boots
1416893,What Marielle Knows
1403612,Timur
840464,Greenland 2: Migration
314388,Mountains May Depart
1395140,Lupin the IIIRD: The Movie - The Immortal Bloodline
1272837,28 Years Later: The Bone Temple
1443260,Rob1n
1306368,The Rip
51739,The Secret World of Arrietty
1198984,We Bury the Dead
38142,5 Centimeters per Second
22914,Gundam Wing: The Endless Waltz
1022453,The Raja Saab
1174128,Forbidden Fairytale
1000879,The Site
1214684,Kiss of the Spider Woman
1122618,Good One
1131087,The Deb
831395,Tuesday
1075655,Intrusive Thoughts
947512,Living Large
42994,Memories
1517062,Divine Comedy
21835,A Chinese Odyssey Part Two: Cinderella
1457939,Rahu Ketu
1432596,Palestine 36
1453422,Lucky Lu
1211442,Rebuilding
13345,A Chinese Odyssey Part One: Pandora's Box
11660,Following
1403903,Night Stage
1235877,Jana Nayagan
1282440,Happy Patel: Khatarnak Jasoos
451,Leaving Las Vegas
1457943,Hygge
1383266,The One I Loved
1168719,Silent Friend
587357,Miss Moxy
1320756,Doctor Plague
1095027,Girl in the Night
1340612,Nobu
1364904,A Useful Ghost
1460208,Ludovic
1290436,Summer Beats
1325866,Escape From The Outland
1469141,Dear Stranger
1284787,No Signal!
1536001,Wild
1302848,Class Reunion
1180417,The Dutchman
339849,Not Without Hope
1401542,Project Y
1127625,The Salt Path
1510339,Mark
1002161,Transamazonia
1255718,Plainclothes
965483,Parasakthi
1440171,The Portuguese House
1212461,OBEX
1375831,Diabolic
1322692,Saipan
1356587,The Lychee Road
1271895,96 Minutes
1498047,Abuela tremenda
1463232,I Have a Secret
1226141,The Last Dance
1086011,All the Long Nights
1264805,Once We Were Us
1004348,Boléro
1321012,The Courageous
682012,Little Amélie or the Character of Rain
1592947,Sex
1033052,The Mean One
1258509,The Love That Remains
957863,Time Still Turns the Pages
1312157,Somebody to Love
961077,The Little Sister
1323625,Night Patrol
1488635,Ti Psychi Tha Paradoseis Mori? — Part One
667717,Deep Sea
424853,B-Roll
75629,Evangelion: 3.0 You Can (Not) Redo
1300331,Cross Away
1198439,Easy Girl
1016024,The Son of Revenge – The Story of Kalevala
1305715,Unexpected Family
1267822,My Sunshine
1200320,Killing Faith
1276521,Charlie the Wonderdog
1359462,Sheepdog
1393151,Mr. Nobody Against Putin
1019871,Little Trouble Girls
1077050,"Menus-Plaisirs, les Troisgros"
1509402,Mr. & Mrs. Aslan
1564939,Tenement
1376879,Tunnels: Sun in the Dark
940247,Pierce
1220566,Eagles of the Republic
68837,Railroad Man
1263012,Dead Man's Wire
1078822,Heads or Tails?
1374280,Furious Times
1030588,Ghost Cat Anzu
1376415,L’affaire Bojarski
1524403,Wooden Hearts
1078581,Giant
1003504,We Will Go
972445,CMXXIV
1215638,Checkered Ninja 3
844069,Guimoon: The Lightless Door
1301270,Skate to Hell
823429,Jerusalem '67
1432306,Sleepwalker
1146058,The Pout-Pout Fish
1400244,Fabula
1229646,"Robotia, la película"
1193128,I Was a Stranger
1466302,Baka's Identity
1416636,I Swiped the Wrong One
1551484,Mom's Alive Today
1579156,Angel Lust
1290424,The Great Arch
1297953,My Friend Eva
1506657,Risky Business 2
1412598,Killer Whale
1402036,Hand of Justice
1299049,Vor dem Anfang
1244806,Choir of God
1421148,Mother's Baby
1500648,The Millionaire’s Anniversary
1107215,Once Upon My Mother
1560734,The Last Flight
1196946,Ikkis
1308910,In the Land of Arto
944117,Abbé Pierre - A Century of Devotion
1450771,Nicolás de Jesús' Now You See Me...
1000866,The Marching Band
1337148,Aisha Can't Fly Away
1296682,Special Agents
1505183,Village of the Dead
475215,Mirai
1274837,Million Dollar Madness
1467486,You and Idol Precure♪ the Movie For You! Our Kirakilala Concert!
1277884,Leave One Day
1575146,Uang Passolo
1358305,A Tooth Fairy Tale
1111392,Darlings
1420031,The Heartbreak I Choose
1516288,Kardeş Takımı 3
1368535,Measure in Love
1308618,The Wonderers
911244,Mindiyum Paranjum
1555331,D.I.S.C.O
1489030,Home Entertainment
1543147,Phop Dib Dib
1558049,The Last Slap
1437198,Tafiti: Across the Desert
1269399,Holy Meat
1185175,Demon Hunters
1077647,In Water
804370,Arco
1315259,Influenced
1094314,Mayasabha
1487142,Sirai
1590873,Extremely Inappropriate! New Years Special
1276874,Life and Deaths of Max Linder
1575337,Cosmic Princess Kaguya!
